id;data_inversa;dia_semana;horario;uf;br;km;municipio;causa_acidente;tipo_acidente;classificacao_acidente;fase_dia
83204444;2014-06-13;Sexta;16:20:00;RJ;101;322.0;NITEROI;Falta de atencao;Atropelamento de pessoa;Com Vitimas Feridas;Pleno dia
83204473;2014-06-13;Sexta;17:15:00;RJ;101;319.0;SAO GONCALO;Outras;Colisao traseira;Sem Vitimas;Anoitecer
83204786;2014-06-06;Sexta;20:00:00;RJ;101;305.0;SAO GONCALO;Outras;Colisao lateral;Com Vitimas Feridas;Plena noite
83204827;2014-06-14;Sabado;12:30:00;RJ;101;307.0;SAO GONCALO;Outras;Saida de Pista;Sem Vitimas;Pleno dia
83204851;2014-06-14;Sabado;13:20:00;RJ;101;317.0;SAO GONCALO;Outras;Colisao traseira;Sem Vitimas;Pleno dia
83205204;2014-06-05;Quinta;15:40:00;RJ;101;325.0;NITEROI;Defeito mecanico em veiculo;Colisao com objeto movel;Sem Vitimas;Pleno dia
83205484;2014-06-15;Domingo;19:40:00;RJ;101;303.0;SAO GONCALO;Outras;Colisao traseira;Sem Vitimas;Plena noite
83205655;2014-06-16;Segunda;10:50:00;RJ;101;323.0;NITEROI;Defeito mecanico em veiculo;Colisao com objeto movel;Sem Vitimas;Pleno dia
83205767;2014-06-16;Segunda;07:45:00;RJ;101;323.0;NITEROI;Falta de atencao;Colisao traseira;Com Vitimas Feridas;Pleno dia
83206061;2014-06-17;Terca;09:15:00;RJ;101;323.0;NITEROI;Falta de atencao;Queda de motocicleta / bicicleta / veiculo;Com Vitimas Feridas;Pleno dia
83206063;2014-06-14;Sabado;05:20:00;RJ;101;325.0;NITEROI;Falta de atencao;Queda de motocicleta / bicicleta / veiculo;Com Vitimas Feridas;Plena noite
83206109;2014-06-15;Domingo;17:45:00;RJ;101;309.0;SAO GONCALO;Nao guardar distancia de seguranca;Colisao traseira;Sem Vitimas;Plena noite
83206236;2014-06-13;Sexta;17:00:00;RJ;101;316.0;SAO GONCALO;Outras;Colisao com objeto fixo;Ignorado;Pleno dia
83206260;2014-06-17;Terca;19:30:00;RJ;101;304.0;SAO GONCALO;Animais na Pista;Atropelamento de animal;Sem Vitimas;Plena noite
83206339;2014-06-17;Terca;23:30:00;RJ;101;312.0;SAO GONCALO;Outras;Colisao com objeto fixo;Ignorado;Plena noite
83206342;2014-06-17;Terca;19:30:00;RJ;101;321.0;NITEROI;Nao guardar distancia de seguranca;Colisao traseira;Com Vitimas Feridas;Plena noite
83206402;2014-06-14;Sabado;17:15:00;RJ;101;317.0;SAO GONCALO;Outras;Colisao lateral;Com Vitimas Feridas;Anoitecer
83206446;2014-06-18;Quarta;08:00:00;RJ;101;319.0;SAO GONCALO;Outras;Colisao lateral;Com Vitimas Feridas;Pleno dia
83206455;2014-06-06;Sexta;21:00:00;RJ;101;322.0;NITEROI;Falta de atencao;Colisao traseira;Com Vitimas Feridas;Plena noite
83206542;2014-06-10;Terca;16:05:00;RJ;101;331.0;RIO DE JANEIRO;Outras;Colisao traseira;Sem Vitimas;Pleno dia
83206646;2014-06-18;Quarta;11:00:00;RJ;101;322.0;NITEROI;Falta de atencao;Colisao lateral;Sem Vitimas;Pleno dia
83206676;2014-06-18;Quarta;17:30:00;RJ;101;316.0;SAO GONCALO;Falta de atencao;Colisao traseira;Sem Vitimas;Pleno dia
83206794;2014-06-14;Sabado;15:10:00;RJ;101;322.0;NITEROI;Outras;Colisao lateral;Sem Vitimas;Pleno dia
83206972;2014-06-19;Quinta;11:50:00;RJ;101;333.8;RIO DE JANEIRO;Outras;Colisao com objeto fixo;Sem Vitimas;Pleno dia
83207099;2014-06-19;Quinta;16:50:00;RJ;101;324.0;NITEROI;Outras;Colisao lateral;Sem Vitimas;Pleno dia
83207331;2014-06-20;Sexta;06:30:00;RJ;101;330.0;RIO DE JANEIRO;Outras;Colisao lateral;Sem Vitimas;Pleno dia
83207540;2014-06-20;Sexta;17:15:00;RJ;101;322.0;NITEROI;Outras;Colisao lateral;Sem Vitimas;Pleno dia
83207563;2014-06-20;Sexta;11:00:00;RJ;101;302.0;SAO GONCALO;Outras;Colisao traseira;Com Vitimas Feridas;Pleno dia
83208405;2014-06-19;Quinta;00:50:00;RJ;101;322.0;NITEROI;Outras;Colisao com objeto fixo;Sem Vitimas;Plena noite
83208406;2014-06-22;Domingo;21:50:00;RJ;101;315.0;SAO GONCALO;Outras;Colisao lateral;Sem Vitimas;Plena noite
83208490;2014-06-23;Segunda;06:29:00;RJ;101;322.0;NITEROI;Outras;Colisao lateral;Sem Vitimas;Pleno dia
83208502;2014-06-19;Quinta;20:00:00;RJ;101;319.0;SAO GONCALO;Outras;Colisao Transversal;Sem Vitimas;Plena noite
83208764;2014-06-24;Terca;06:30:00;RJ;101;322.0;NITEROI;Outras;Colisao lateral;Sem Vitimas;Amanhecer
83208950;2014-06-24;Terca;16:45:00;RJ;101;334.0;NITEROI;Outras;Colisao lateral;Sem Vitimas;Anoitecer
83209094;2014-06-24;Terca;21:16:00;RJ;101;313.0;SAO GONCALO;Outras;Colisao traseira;Sem Vitimas;Plena noite
83209266;2014-06-21;Sabado;06:00:00;RJ;101;321.0;NITEROI;Falta de atencao;Colisao lateral;Sem Vitimas;Amanhecer
83209887;2014-06-18;Quarta;08:00:00;RJ;101;319.0;SAO GONCALO;Outras;Colisao traseira;Sem Vitimas;Pleno dia
83210095;2014-06-22;Domingo;19:30:00;RJ;101;325.0;RIO DE JANEIRO;Falta de atencao;Colisao lateral;Sem Vitimas;Plena noite
83210317;2014-06-27;Sexta;08:53:00;RJ;101;321.0;NITEROI;Outras;Colisao lateral;Sem Vitimas;Pleno dia
83210373;2014-06-27;Sexta;07:30:00;RJ;101;334.0;RIO DE JANEIRO;Outras;Colisao lateral;Com Vitimas Feridas;Pleno dia
83210392;2014-06-27;Sexta;09:20:00;RJ;101;330.0;RIO DE JANEIRO;Outras;Colisao lateral;Sem Vitimas;Pleno dia
83210397;2014-06-10;Terca;16:15:00;RJ;101;331.0;RIO DE JANEIRO;Outras;Colisao traseira;Sem Vitimas;Pleno dia
83210401;2014-06-10;Terca;17:50:00;RJ;101;326.0;RIO DE JANEIRO;Outras;Colisao traseira;Sem Vitimas;Pleno dia
83210424;2014-06-27;Sexta;07:10:00;RJ;101;316.0;SAO GONCALO;Outras;Colisao traseira;Sem Vitimas;Pleno dia
83210677;2014-06-24;Terca;16:30:00;RJ;101;333.0;NITEROI;Outras;Capotamento;Com Vitimas Feridas;Pleno dia
83211161;2014-06-29;Domingo;16:45:00;RJ;101;323.0;NITEROI;Falta de atencao;Colisao traseira;Sem Vitimas;Pleno dia
83211414;2014-06-26;Quinta;17:40:00;RJ;101;323.0;NITEROI;Velocidade incompativel;Colisao traseira;Com Vitimas Feridas;Pleno dia
83211453;2014-06-30;Segunda;09:30:00;RJ;101;325.0;NITEROI;Outras;Colisao lateral;Sem Vitimas;Pleno dia
83211474;2014-06-08;Domingo;09:40:00;RJ;101;334.0;RIO DE JANEIRO;Outras;Colisao traseira;Sem Vitimas;Pleno dia
83211858;2014-07-01;Terca;05:35:00;RJ;101;327.0;NITEROI;Outras;Colisao traseira;Sem Vitimas;Amanhecer
83211863;2014-06-27;Sexta;22:40:00;RJ;101;331.0;RIO DE JANEIRO;Outras;Colisao lateral;Sem Vitimas;Plena noite
83211965;2014-07-01;Terca;07:40:00;RJ;101;320.0;NITEROI;Outras;Colisao lateral;Sem Vitimas;Pleno dia
83212011;2014-07-01;Terca;08:20:00;RJ;101;315.0;SAO GONCALO;Outras;Colisao lateral;Com Vitimas Feridas;Pleno dia
83212018;2014-07-01;Terca;11:45:00;RJ;101;322.0;NITEROI;Outras;Atropelamento de pessoa;Com Vitimas Feridas;Pleno dia
83212060;2014-07-01;Terca;01:40:00;RJ;101;330.0;RIO DE JANEIRO;Outras;Colisao frontal;Sem Vitimas;Plena noite
83212143;2014-06-19;Quinta;15:00:00;RJ;101;300.0;SAO GONCALO;Outras;Tombamento;Sem Vitimas;Pleno dia
83212223;2014-07-01;Terca;19:30:00;RJ;101;320.0;NITEROI;Outras;Colisao traseira;Sem Vitimas;Plena noite
83212228;2014-07-01;Terca;08:15:00;RJ;101;317.0;SAO GONCALO;Nao guardar distancia de seguranca;Colisao traseira;Com Vitimas Feridas;Pleno dia
83212252;2014-07-01;Terca;19:00:00;RJ;101;319.0;SAO GONCALO;Outras;Colisao traseira;Sem Vitimas;Plena noite
83212452;2014-06-29;Domingo;02:00:00;RJ;101;312.0;SAO GONCALO;Outras;Queda de motocicleta / bicicleta / veiculo;Com Vitimas Feridas;Plena noite
83212464;2014-06-30;Segunda;14:30:00;RJ;101;322.0;NITEROI;Outras;Colisao traseira;Com Vitimas Feridas;Pleno dia
83212484;2014-07-02;Quarta;08:25:00;RJ;101;333.0;RIO DE JANEIRO;Outras;Colisao traseira;Sem Vitimas;Pleno dia
83212499;2014-06-30;Segunda;16:30:00;RJ;101;322.0;NITEROI;Nao guardar distancia de seguranca;Colisao traseira;Sem Vitimas;Pleno dia
83212504;2014-06-30;Segunda;06:30:00;RJ;101;320.0;NITEROI;Outras;Colisao traseira;Com Vitimas Feridas;Pleno dia
83212514;2014-06-24;Terca;21:30:00;RJ;101;303.0;SAO GONCALO;Outras;Colisao traseira;Sem Vitimas;Plena noite
83212732;2014-06-29;Domingo;02:44:00;RJ;101;319.0;SAO GONCALO;Outras;Saida de Pista;Sem Vitimas;Plena noite
83212739;2014-07-02;Quarta;21:15:00;RJ;101;322.0;NITEROI;Outras;Colisao lateral;Sem Vitimas;Plena noite
83212920;2014-07-03;Quinta;14:20:00;RJ;101;322.0;NITEROI;Nao guardar distancia de seguranca;Colisao lateral;Sem Vitimas;Pleno dia
83212983;2014-07-03;Quinta;16:10:00;RJ;101;322.0;NITEROI;Outras;Queda de motocicleta / bicicleta / veiculo;Com Vitimas Feridas;Pleno dia
83213278;2014-07-04;Sexta;08:00:00;RJ;101;309.0;SAO GONCALO;Outras;Colisao traseira;Sem Vitimas;Pleno dia
83213282;2014-07-04;Sexta;07:40:00;RJ;101;309.0;SAO GONCALO;Nao guardar distancia de seguranca;Colisao traseira;Sem Vitimas;Pleno dia
83213519;2014-07-04;Sexta;15:30:00;RJ;101;330.0;RIO DE JANEIRO;Falta de atencao;Colisao lateral;Sem Vitimas;Pleno dia
83213577;2014-06-30;Segunda;14:41:00;RJ;101;317.0;SAO GONCALO;Outras;Queda de motocicleta / bicicleta / veiculo;Com Vitimas Feridas;Pleno dia
83213630;2014-07-04;Sexta;22:40:00;RJ;101;313.4;SAO GONCALO;Outras;Colisao frontal;Sem Vitimas;Plena noite
83213723;2014-07-05;Sabado;07:40:00;RJ;101;308.0;SAO GONCALO;Outras;Colisao traseira;Sem Vitimas;Pleno dia
83213802;2014-07-05;Sabado;10:48:00;RJ;101;325.0;NITEROI;Outras;Colisao traseira;Sem Vitimas;Pleno dia
83213964;2014-07-05;Sabado;11:20:00;RJ;101;316.0;SAO GONCALO;Outras;Colisao traseira;Sem Vitimas;Pleno dia
83213987;2014-07-05;Sabado;19:00:00;RJ;101;321.0;NITEROI;Outras;Queda de motocicleta / bicicleta / veiculo;Com Vitimas Feridas;Plena noite
83214164;2014-07-06;Domingo;07:30:00;RJ;101;325.0;NITEROI;Outras;Colisao com objeto movel;Sem Vitimas;Pleno dia
83214317;2014-07-06;Domingo;17:00:00;RJ;101;321.0;NITEROI;Outras;Incendio;Sem Vitimas;Anoitecer
83214335;2014-07-06;Domingo;19:10:00;RJ;101;322.0;NITEROI;Falta de atencao;Colisao lateral;Sem Vitimas;Plena noite
83214572;2014-07-07;Segunda;10:15:00;RJ;101;322.0;NITEROI;Defeito mecanico em veiculo;Colisao com objeto fixo;Sem Vitimas;Pleno dia
83214605;2014-07-07;Segunda;06:20:00;RJ;101;323.0;NITEROI;Falta de atencao;Colisao traseira;Sem Vitimas;Amanhecer
83214617;2014-07-07;Segunda;08:20:00;RJ;101;329.0;RIO DE JANEIRO;Falta de atencao;Colisao lateral;Sem Vitimas;Pleno dia
83214639;2014-07-07;Segunda;13:20:00;RJ;101;322.0;NITEROI;Falta de atencao;Colisao lateral;Sem Vitimas;Pleno dia
83214721;2014-07-07;Segunda;13:00:00;RJ;101;322.0;NITEROI;Falta de atencao;Colisao lateral;Com Vitimas Feridas;Pleno dia
83214839;2014-07-07;Segunda;18:35:00;RJ;101;322.0;NITEROI;Falta de atencao;Colisao lateral;Sem Vitimas;Plena noite
83214882;2014-07-07;Segunda;16:30:00;RJ;101;328.0;RIO DE JANEIRO;Falta de atencao;Queda de motocicleta / bicicleta / veiculo;Com Vitimas Feridas;Pleno dia
83214899;2014-06-29;Domingo;00:20:00;RJ;101;334.0;NITEROI;Defeito mecanico em veiculo;Colisao com objeto fixo;Com Vitimas Feridas;Plena noite
83214976;2014-07-08;Terca;05:00:00;RJ;101;323.0;NITEROI;Falta de atencao;Colisao traseira;Sem Vitimas;Amanhecer
83215283;2014-07-08;Terca;19:50:00;RJ;101;315.0;SAO GONCALO;Outras;Queda de motocicleta / bicicleta / veiculo;Com Vitimas Feridas;Plena noite
83215339;2014-06-30;Segunda;21:30:00;RJ;101;304.0;SAO GONCALO;Outras;Atropelamento de animal;Sem Vitimas;Plena noite
83215354;2014-07-08;Terca;22:10:00;RJ;101;325.0;NITEROI;Outras;Colisao traseira;Sem Vitimas;Plena noite
83215355;2014-07-08;Terca;22:15:00;RJ;101;326.0;NITEROI;Outras;Colisao traseira;Sem Vitimas;Plena noite
83215370;2014-07-09;Quarta;01:45:00;RJ;101;321.0;NITEROI;Outras;Colisao com objeto fixo;Sem Vitimas;Plena noite
83215521;2014-07-09;Quarta;10:45:00;RJ;101;330.0;RIO DE JANEIRO;Outras;Capotamento;Sem Vitimas;Pleno dia
83215537;2014-07-09;Quarta;11:15:00;RJ;101;320.0;NITEROI;Outras;Colisao lateral;Sem Vitimas;Pleno dia
83215737;2014-07-09;Quarta;12:45:00;RJ;101;333.0;RIO DE JANEIRO;Nao guardar distancia de seguranca;Colisao traseira;Com Vitimas Feridas;Pleno dia
83215758;2014-07-09;Quarta;18:30:00;RJ;101;319.0;SAO GONCALO;Outras;Colisao traseira;Com Vitimas Feridas;Plena noite
83216219;2014-07-10;Quinta;18:00:00;RJ;101;319.0;SAO GONCALO;Falta de atencao;Colisao traseira;Sem Vitimas;Anoitecer
83216373;2014-07-11;Sexta;07:30:00;RJ;101;320.0;NITEROI;Outras;Queda de motocicleta / bicicleta / veiculo;Com Vitimas Feridas;Pleno dia
83216852;2014-07-12;Sabado;07:31:00;RJ;101;322.0;NITEROI;Outras;Colisao traseira;Sem Vitimas;Pleno dia
83216867;2014-07-12;Sabado;08:07:00;RJ;101;322.0;NITEROI;Outras;Colisao lateral;Sem Vitimas;Pleno dia
83217680;2014-07-13;Domingo;23:25:00;RJ;101;334.0;RIO DE JANEIRO;Outras;Colisao lateral;Sem Vitimas;Plena noite
83217694;2014-06-30;Segunda;12:02:00;RJ;101;322.0;RIO DE JANEIRO;Nao guardar distancia de seguranca;Colisao lateral;Sem Vitimas;Pleno dia
83217745;2014-07-01;Terca;01:23:00;RJ;101;330.0;NITEROI;Desobediencia a sinalizacao;Colisao frontal;Sem Vitimas;Plena noite
83217783;2014-07-10;Quinta;11:00:00;RJ;101;318.0;SAO GONCALO;Outras;Colisao lateral;Sem Vitimas;Pleno dia
83217784;2014-06-30;Segunda;19:45:00;RJ;101;324.0;NITEROI;Nao guardar distancia de seguranca;Colisao lateral;Sem Vitimas;Plena noite
83217796;2014-07-11;Sexta;04:25:00;RJ;101;330.0;RIO DE JANEIRO;Outras;Colisao com objeto fixo;Com Vitimas Feridas;Plena noite
83217798;2014-06-30;Segunda;17:40:00;RJ;101;320.0;NITEROI;Nao guardar distancia de seguranca;Colisao lateral;Sem Vitimas;Pleno dia
83217812;2014-07-11;Sexta;04:27:00;RJ;101;329.0;NITEROI;Outras;Colisao traseira;Sem Vitimas;Plena noite
83217998;2014-07-14;Segunda;16:00:00;RJ;101;322.0;NITEROI;Outras;Colisao com objeto fixo;Com Vitimas Feridas;Pleno dia
83218212;2014-07-11;Sexta;17:46:00;RJ;101;326.0;NITEROI;Nao guardar distancia de seguranca;Colisao traseira;Com Vitimas Feridas;Plena noite
83218424;2014-07-15;Terca;08:55:00;RJ;101;323.0;NITEROI;Falta de atencao;Colisao lateral;Com Vitimas Feridas;Pleno dia
83218498;2014-07-15;Terca;17:54:00;RJ;101;321.0;NITEROI;Falta de atencao;Colisao Transversal;Sem Vitimas;Plena noite
83218529;2014-07-15;Terca;19:30:00;RJ;101;322.0;NITEROI;Falta de atencao;Colisao lateral;Sem Vitimas;Plena noite
83218576;2014-07-11;Sexta;08:20:00;RJ;101;316.0;SAO GONCALO;Outras;Colisao lateral;Com Vitimas Feridas;Pleno dia
83218590;2014-07-11;Sexta;11:50:00;RJ;101;319.0;SAO GONCALO;Outras;Colisao traseira;Sem Vitimas;Pleno dia
83218684;2014-05-31;Sabado;15:30:00;RJ;101;333.0;RIO DE JANEIRO;Falta de atencao;Colisao traseira;Com Vitimas Feridas;Pleno dia
83218703;2014-07-16;Quarta;10:00:00;RJ;101;319.0;SAO GONCALO;Outras;Colisao traseira;Sem Vitimas;Pleno dia
83218709;2014-07-08;Terca;12:30:00;RJ;101;330.0;NITEROI;Nao guardar distancia de seguranca;Colisao traseira;Com Vitimas Feridas;Pleno dia
83218758;2014-07-16;Quarta;09:15:00;RJ;101;319.3;SAO GONCALO;Nao guardar distancia de seguranca;Colisao traseira;Sem Vitimas;Pleno dia
83219319;2014-07-17;Quinta;08:20:00;RJ;101;312.0;SAO GONCALO;Outras;Queda de motocicleta / bicicleta / veiculo;Com Vitimas Feridas;Pleno dia
83219402;2014-07-17;Quinta;18:30:00;RJ;101;327.0;NITEROI;Falta de atencao;Colisao lateral;Sem Vitimas;Plena noite
83219423;2014-04-16;Quarta;06:10:00;RJ;101;308.5;SAO GONCALO;Outras;Colisao traseira;Sem Vitimas;Pleno dia
83219465;2014-07-17;Quinta;22:00:00;RJ;101;319.0;SAO GONCALO;Outras;Colisao traseira;Sem Vitimas;Plena noite
83219611;2014-07-14;Segunda;12:10:00;RJ;101;322.0;NITEROI;Defeito mecanico em veiculo;Colisao lateral;Sem Vitimas;Pleno dia
83219684;2014-07-18;Sexta;12:30:00;RJ;101;327.0;NITEROI;Outras;Colisao traseira;Sem Vitimas;Pleno dia
83219800;2014-07-14;Segunda;18:20:00;RJ;101;329.0;RIO DE JANEIRO;Outras;Colisao traseira;Sem Vitimas;Plena noite
83219855;2014-07-18;Sexta;19:00:00;RJ;101;329.0;RIO DE JANEIRO;Outras;Colisao traseira;Sem Vitimas;Plena noite
83220117;2014-07-19;Sabado;09:50:00;RJ;101;303.0;SAO GONCALO;Ultrapassagem indevida;Colisao frontal;Sem Vitimas;Pleno dia
83220169;2014-07-19;Sabado;07:30:00;RJ;101;314.0;SAO GONCALO;Outras;Colisao com objeto fixo;Com Vitimas Feridas;Pleno dia
83220223;2014-07-19;Sabado;14:55:00;RJ;101;322.0;NITEROI;Falta de atencao;Colisao traseira;Sem Vitimas;Pleno dia
83220255;2014-07-19;Sabado;15:50:00;RJ;101;328.0;NITEROI;Falta de atencao;Colisao traseira;Sem Vitimas;Pleno dia
83220276;2014-07-19;Sabado;17:55:00;RJ;101;332.0;RIO DE JANEIRO;Falta de atencao;Colisao traseira;Sem Vitimas;Anoitecer
83220293;2014-07-19;Sabado;19:10:00;RJ;101;310.0;SAO GONCALO;Outras;Colisao traseira;Sem Vitimas;Plena noite
83220520;2014-07-18;Sexta;18:30:00;RJ;101;322.0;NITEROI;Outras;Colisao traseira;Com Vitimas Feridas;Plena noite
83220526;2014-07-18;Sexta;22:30:00;RJ;101;324.0;NITEROI;Outras;Colisao com objeto movel;Com Vitimas Feridas;Plena noite
83220540;2014-07-20;Domingo;09:30:00;RJ;101;314.0;SAO GONCALO;Outras;Colisao Transversal;Sem Vitimas;Pleno dia
83220602;2014-07-16;Quarta;15:00:00;RJ;101;318.0;SAO GONCALO;Defeito mecanico em veiculo;Colisao traseira;Sem Vitimas;Pleno dia
83220655;2014-07-20;Domingo;16:50:00;RJ;101;318.0;SAO GONCALO;Ingestao de alcool;Colisao traseira;Sem Vitimas;Pleno dia
83220691;2014-07-20;Domingo;19:35:00;RJ;101;321.0;NITEROI;Outras;Colisao traseira;Sem Vitimas;Plena noite
83220711;2014-07-20;Domingo;20:00:00;RJ;101;322.0;NITEROI;Falta de atencao;Colisao traseira;Sem Vitimas;Plena noite
83221184;2014-07-21;Segunda;18:00:00;RJ;101;314.0;SAO GONCALO;Outras;Colisao traseira;Com Vitimas Feridas;Plena noite
83221619;2014-07-22;Terca;08:20:00;RJ;101;318.0;SAO GONCALO;Outras;Colisao lateral;Com Vitimas Feridas;Pleno dia
83221700;2014-07-20;Domingo;03:20:00;RJ;101;321.0;NITEROI;Ingestao de alcool;Capotamento;Com Vitimas Feridas;Plena noite
83221725;2014-07-23;Quarta;06:00:00;RJ;101;325.0;NITEROI;Falta de atencao;Colisao traseira;Sem Vitimas;Amanhecer
83221848;2014-07-20;Domingo;05:00:00;RJ;101;321.0;NITEROI;Desobediencia a sinalizacao;Colisao traseira;Com Vitimas Feridas;Plena noite
83221894;2014-07-23;Quarta;14:18:00;RJ;101;303.0;SAO GONCALO;Falta de atencao;Colisao lateral;Sem Vitimas;Pleno dia
83221930;2014-07-23;Quarta;08:30:00;RJ;101;304.0;SAO GONCALO;Falta de atencao;Colisao lateral;Sem Vitimas;Pleno dia
83221944;2014-07-23;Quarta;15:30:00;RJ;101;329.0;RIO DE JANEIRO;Falta de atencao;Colisao lateral;Sem Vitimas;Pleno dia
83222121;2014-07-19;Sabado;14:05:00;RJ;101;302.0;SAO GONCALO;Outras;Colisao traseira;Sem Vitimas;Pleno dia
83222184;2014-07-23;Quarta;10:10:00;RJ;101;303.0;SAO GONCALO;Falta de atencao;Colisao lateral;Com Vitimas Feridas;Pleno dia
83222308;2014-07-24;Quinta;12:30:00;RJ;101;311.0;SAO GONCALO;Outras;Colisao lateral;Sem Vitimas;Pleno dia
83222543;2014-07-20;Domingo;20:10:00;RJ;101;321.0;NITEROI;Nao guardar distancia de seguranca;Colisao traseira;Sem Vitimas;Plena noite
83222642;2014-07-24;Quinta;19:15:00;RJ;101;318.0;SAO GONCALO;Dormindo;Colisao traseira;Sem Vitimas;Plena noite
83222644;2014-07-24;Quinta;14:10:00;RJ;101;319.3;SAO GONCALO;Nao guardar distancia de seguranca;Colisao traseira;Sem Vitimas;Pleno dia
83222709;2014-07-21;Segunda;18:00:00;RJ;101;322.0;NITEROI;Outras;Colisao lateral;Sem Vitimas;Plena noite
83222815;2014-07-25;Sexta;13:30:00;RJ;101;318.0;SAO GONCALO;Outras;Colisao traseira;Sem Vitimas;Pleno dia
83223024;2014-07-25;Sexta;18:40:00;RJ;101;320.0;NITEROI;Outras;Incendio;Sem Vitimas;Anoitecer
83223111;2014-07-19;Sabado;19:00:00;RJ;101;309.0;SAO GONCALO;Outras;Colisao lateral;Com Vitimas Feridas;Plena noite
83223114;2014-07-25;Sexta;21:15:00;RJ;101;334.0;RIO DE JANEIRO;Outras;Colisao traseira;Sem Vitimas;Plena noite
83223375;2014-07-26;Sabado;11:48:00;RJ;101;323.0;NITEROI;Nao guardar distancia de seguranca;Colisao traseira;Sem Vitimas;Pleno dia
83223509;2014-07-26;Sabado;07:30:00;RJ;101;326.0;NITEROI;Falta de atencao;Colisao traseira;Sem Vitimas;Pleno dia
83223531;2014-07-22;Terca;15:30:00;RJ;101;300.0;SAO GONCALO;Outras;Colisao lateral;Sem Vitimas;Pleno dia
83223558;2014-07-26;Sabado;19:20:00;RJ;101;322.0;NITEROI;Outras;Colisao traseira;Sem Vitimas;Plena noite
83224055;2014-07-27;Domingo;22:10:00;RJ;101;322.0;NITEROI;Falta de atencao;Colisao com objeto fixo;Sem Vitimas;Plena noite
83224409;2014-07-28;Segunda;14:50:00;RJ;101;300.0;SAO GONCALO;Falta de atencao;Colisao lateral;Sem Vitimas;Pleno dia
83224412;2014-07-21;Segunda;07:40:00;RJ;101;317.0;SAO GONCALO;Outras;Colisao lateral;Com Vitimas Feridas;Pleno dia
83224416;2014-02-16;Domingo;20:50:00;RJ;101;313.0;SAO GONCALO;Outras;Colisao lateral;Sem Vitimas;Plena noite
83224451;2014-07-28;Segunda;17:00:00;RJ;101;329.0;RIO DE JANEIRO;Outras;Colisao traseira;Com Vitimas Feridas;Anoitecer
83224572;2014-07-28;Segunda;17:30:00;RJ;101;307.6;SAO GONCALO;Outras;Colisao Transversal;Sem Vitimas;Anoitecer
83224713;2014-07-29;Terca;06:20:00;RJ;101;329.0;NITEROI;Outras;Colisao lateral;Sem Vitimas;Amanhecer
83224721;2014-07-29;Terca;07:40:00;RJ;101;316.0;SAO GONCALO;Nao guardar distancia de seguranca;Colisao traseira;Sem Vitimas;Pleno dia
83224737;2014-07-29;Terca;08:35:00;RJ;101;315.0;SAO GONCALO;Outras;Colisao traseira;Com Vitimas Feridas;Pleno dia
83224789;2014-07-29;Terca;08:30:00;RJ;101;333.0;RIO DE JANEIRO;Outras;Colisao traseira;Sem Vitimas;Pleno dia
83225246;2014-07-29;Terca;18:40:00;RJ;101;312.0;SAO GONCALO;Outras;Colisao traseira;Sem Vitimas;Plena noite
83225560;2014-07-30;Quarta;17:50:00;RJ;101;322.0;NITEROI;Outras;Colisao lateral;Sem Vitimas;Anoitecer
83225742;2014-07-28;Segunda;00:10:00;RJ;101;323.0;NITEROI;Falta de atencao;Colisao lateral;Sem Vitimas;Plena noite
83225766;2014-07-31;Quinta;07:50:00;RJ;101;333.0;RIO DE JANEIRO;Nao guardar distancia de seguranca;Colisao traseira;Sem Vitimas;Pleno dia
83225993;2014-07-31;Quinta;16:35:00;RJ;101;319.0;SAO GONCALO;Falta de atencao;Colisao lateral;Sem Vitimas;Pleno dia
83226014;2014-07-31;Quinta;12:39:00;RJ;101;322.0;NITEROI;Falta de atencao;Colisao traseira;Sem Vitimas;Pleno dia