id;data_inversa;dia_semana;horario;uf;br;km;municipio;causa_acidente;tipo_acidente;classificacao_acidente;fase_dia
83226042;2014-07-31;Quinta;19:20:00;RJ;101;321.0;NITEROI;Nao guardar distancia de seguranca;Colisao traseira;Sem Vitimas;Plena noite
83226108;2014-07-31;Quinta;20:00:00;RJ;101;330.0;RIO DE JANEIRO;Falta de atencao;Colisao traseira;Sem Vitimas;Plena noite
83226216;2014-08-01;Sexta;07:50:00;RJ;101;304.0;SAO GONCALO;Falta de atencao;Colisao traseira;Sem Vitimas;Pleno dia
83226227;2014-07-29;Terca;07:00:00;RJ;101;316.0;SAO GONCALO;Outras;Queda de motocicleta / bicicleta / veiculo;Com Vitimas Feridas;Pleno dia
83226372;2014-07-30;Quarta;05:15:00;RJ;101;316.0;SAO GONCALO;Outras;Colisao traseira;Sem Vitimas;Amanhecer
83226412;2014-08-01;Sexta;15:00:00;RJ;101;325.0;NITEROI;Outras;Colisao traseira;Sem Vitimas;Pleno dia
83226415;2014-07-30;Quarta;18:30:00;RJ;101;319.0;NITEROI;Outras;Colisao traseira;Sem Vitimas;Plena noite
83226482;2014-07-24;Quinta;19:45:00;RJ;101;321.0;NITEROI;Outras;Colisao lateral;Sem Vitimas;Plena noite
83226549;2014-07-28;Segunda;11:03:00;RJ;101;331.0;RIO DE JANEIRO;Outras;Colisao traseira;Com Vitimas Feridas;Pleno dia
83226602;2014-08-01;Sexta;22:30:00;RJ;101;322.0;NITEROI;Outras;Colisao com objeto fixo;Sem Vitimas;Plena noite
83226885;2014-08-02;Sabado;15:10:00;RJ;101;321.0;NITEROI;Outras;Colisao lateral;Sem Vitimas;Pleno dia
83226898;2014-08-02;Sabado;11:50:00;RJ;101;322.0;NITEROI;Outras;Colisao lateral;Sem Vitimas;Pleno dia
83226915;2014-08-02;Sabado;11:00:00;RJ;101;312.0;SAO GONCALO;Outras;Colisao traseira;Sem Vitimas;Pleno dia
83226939;2014-08-02;Sabado;16:03:00;RJ;101;327.0;NITEROI;Outras;Colisao traseira;Com Vitimas Feridas;Pleno dia
83226989;2014-08-02;Sabado;09:30:00;RJ;101;310.0;SAO GONCALO;Outras;Atropelamento de pessoa;Com Vitimas Feridas;Pleno dia
83226994;2014-07-29;Terca;17:00:00;RJ;101;309.0;SAO GONCALO;Outras;Capotamento;Com Vitimas Feridas;Pleno dia
83227006;2014-08-02;Sabado;20:00:00;RJ;101;323.0;NITEROI;Outras;Colisao traseira;Sem Vitimas;Plena noite
83227010;2014-08-02;Sabado;20:00:00;RJ;101;322.0;NITEROI;Outras;Colisao traseira;Sem Vitimas;Plena noite
83227055;2014-08-02;Sabado;21:55:00;RJ;101;324.0;NITEROI;Outras;Colisao traseira;Com Vitimas Feridas;Plena noite
83227078;2014-08-02;Sabado;22:55:00;RJ;101;328.0;RIO DE JANEIRO;Outras;Colisao com objeto movel;Sem Vitimas;Plena noite
83227527;2014-08-03;Domingo;22:00:00;RJ;101;322.0;NITEROI;Falta de atencao;Colisao traseira;Sem Vitimas;Plena noite
83227621;2014-08-04;Segunda;07:00:00;RJ;101;316.0;SAO GONCALO;Falta de atencao;Colisao lateral;Com Vitimas Feridas;Pleno dia
83227733;2014-08-04;Segunda;09:00:00;RJ;101;320.0;NITEROI;Falta de atencao;Colisao Transversal;Com Vitimas Feridas;Pleno dia
83227937;2014-07-31;Quinta;07:30:00;RJ;101;317.0;SAO GONCALO;Outras;Colisao lateral;Sem Vitimas;Pleno dia
83228056;2014-08-04;Segunda;08:40:00;RJ;101;316.0;SAO GONCALO;Outras;Colisao traseira;Com Vitimas Feridas;Pleno dia
83228118;2014-08-05;Terca;08:10:00;RJ;101;316.0;SAO GONCALO;Outras;Colisao traseira;Sem Vitimas;Pleno dia
83228218;2014-03-26;Quarta;13:30:00;RJ;101;321.0;NITEROI;Outras;Colisao traseira;Com Vitimas Feridas;Pleno dia
83228310;2014-08-01;Sexta;18:00:00;RJ;101;313.0;SAO GONCALO;Falta de atencao;Colisao traseira;Sem Vitimas;Anoitecer
83228708;2014-08-06;Quarta;11:30:00;RJ;101;332.0;RIO DE JANEIRO;Nao guardar distancia de seguranca;Colisao traseira;Com Vitimas Feridas;Pleno dia
83228771;2014-08-06;Quarta;14:40:00;RJ;101;323.0;NITEROI;Outras;Colisao Transversal;Sem Vitimas;Pleno dia
83228777;2014-07-06;Domingo;11:20:00;RJ;101;310.0;SAO GONCALO;Nao guardar distancia de seguranca;Colisao traseira;Sem Vitimas;Pleno dia
83228895;2014-08-06;Quarta;06:45:00;RJ;101;328.0;NITEROI;Falta de atencao;Colisao traseira;Com Vitimas Feridas;Plena noite
83229103;2014-08-06;Quarta;18:15:00;RJ;101;322.0;NITEROI;Outras;Colisao lateral;Sem Vitimas;Anoitecer
83229487;2014-08-07;Quinta;08:20:00;RJ;101;317.0;SAO GONCALO;Velocidade incompativel;Colisao traseira;Sem Vitimas;Pleno dia
83229534;2014-08-08;Sexta;07:00:00;RJ;101;324.0;NITEROI;Falta de atencao;Colisao traseira;Sem Vitimas;Pleno dia
83229686;2014-08-08;Sexta;08:45:00;RJ;101;323.0;NITEROI;Outras;Colisao lateral;Com Vitimas Feridas;Pleno dia
83229731;2014-08-08;Sexta;12:40:00;RJ;101;323.0;NITEROI;Falta de atencao;Colisao traseira;Com Vitimas Feridas;Pleno dia
83229804;2014-08-08;Sexta;16:36:00;RJ;101;330.0;RIO DE JANEIRO;Nao guardar distancia de seguranca;Colisao traseira;Sem Vitimas;Plena noite
83229816;2014-08-08;Sexta;18:10:00;RJ;101;327.0;NITEROI;Falta de atencao;Colisao lateral;Sem Vitimas;Plena noite
83230022;2014-08-09;Sabado;06:30:00;RJ;101;313.0;SAO GONCALO;Outras;Colisao lateral;Sem Vitimas;Pleno dia
83230071;2014-08-05;Terca;21:00:00;RJ;101;315.0;SAO GONCALO;Outras;Colisao traseira;Sem Vitimas;Plena noite
83230087;2014-08-09;Sabado;09:56:00;RJ;101;322.0;NITEROI;Outras;Colisao traseira;Sem Vitimas;Pleno dia
83230094;2014-08-09;Sabado;08:45:00;RJ;101;300.0;SAO GONCALO;Outras;Colisao traseira;Sem Vitimas;Pleno dia
83230257;2014-08-09;Sabado;14:40:00;RJ;101;325.0;NITEROI;Outras;Colisao traseira;Sem Vitimas;Pleno dia
83230520;2014-08-10;Domingo;05:57:00;RJ;101;324.0;NITEROI;Outras;Colisao traseira;Sem Vitimas;Pleno dia
83230609;2014-08-10;Domingo;11:45:00;RJ;101;322.0;NITEROI;Outras;Colisao traseira;Sem Vitimas;Pleno dia
83230798;2014-08-10;Domingo;20:08:00;RJ;101;328.0;RIO DE JANEIRO;Falta de atencao;Colisao traseira;Sem Vitimas;Plena noite
83230808;2014-08-10;Domingo;17:30:00;RJ;101;304.0;SAO GONCALO;Ingestao de alcool;Colisao frontal;Sem Vitimas;Anoitecer
83230824;2014-08-10;Domingo;17:30:00;RJ;101;323.0;NITEROI;Outras;Colisao traseira;Sem Vitimas;Plena noite
83230991;2014-08-07;Quinta;11:30:00;RJ;101;319.0;SAO GONCALO;Outras;Colisao lateral;Sem Vitimas;Pleno dia
83231234;2014-08-07;Quinta;10:10:00;RJ;101;319.0;SAO GONCALO;Falta de atencao;Colisao traseira;Sem Vitimas;Pleno dia
83231249;2014-08-08;Sexta;07:20:00;RJ;101;318.0;SAO GONCALO;Nao guardar distancia de seguranca;Colisao lateral;Sem Vitimas;Amanhecer
83231267;2014-08-07;Quinta;17:50:00;RJ;101;318.0;SAO GONCALO;Nao guardar distancia de seguranca;Colisao lateral;Sem Vitimas;Anoitecer
83231453;2014-08-12;Terca;06:30:00;RJ;101;322.0;NITEROI;Falta de atencao;Colisao lateral;Sem Vitimas;Pleno dia
83231474;2014-08-12;Terca;06:50:00;RJ;101;317.0;NITEROI;Outras;Colisao traseira;Com Vitimas Feridas;Pleno dia
83231488;2014-08-12;Terca;06:40:00;RJ;101;319.0;SAO GONCALO;Outras;Colisao lateral;Com Vitimas Feridas;Amanhecer
83231517;2014-08-12;Terca;07:30:00;RJ;101;320.0;NITEROI;Falta de atencao;Colisao traseira;Com Vitimas Feridas;Pleno dia
83231520;2014-08-12;Terca;09:30:00;RJ;101;319.0;SAO GONCALO;Outras;Colisao lateral;Com Vitimas Feridas;Pleno dia
83231555;2014-08-12;Terca;09:00:00;RJ;101;303.0;SAO GONCALO;Outras;Colisao lateral;Sem Vitimas;Pleno dia
83231682;2014-08-12;Terca;14:27:00;RJ;101;328.0;NITEROI;Falta de atencao;Colisao lateral;Sem Vitimas;Pleno dia
83231686;2014-08-12;Terca;15:30:00;RJ;101;307.0;SAO GONCALO;Outras;Colisao traseira;Sem Vitimas;Pleno dia
83231753;2014-08-12;Terca;15:20:00;RJ;101;330.0;RIO DE JANEIRO;Falta de atencao;Colisao traseira;Sem Vitimas;Pleno dia
83231932;2014-07-31;Quinta;19:00:00;RJ;101;319.0;SAO GONCALO;Outras;Colisao traseira;Com Vitimas Feridas;Plena noite
83232261;2014-08-13;Quarta;18:00:00;RJ;101;314.0;SAO GONCALO;Outras;Colisao traseira;Sem Vitimas;Plena noite
83232366;2014-08-13;Quarta;11:50:00;RJ;101;322.0;NITEROI;Outras;Colisao traseira;Sem Vitimas;Pleno dia
83232392;2014-08-13;Quarta;22:45:00;RJ;101;322.0;NITEROI;Outras;Colisao com objeto fixo;Sem Vitimas;Plena noite
83232398;2014-08-13;Quarta;17:40:00;RJ;101;322.0;NITEROI;Outras;Colisao traseira;Sem Vitimas;Plena noite
83232495;2014-08-11;Segunda;07:40:00;RJ;101;308.0;SAO GONCALO;Nao guardar distancia de seguranca;Queda de motocicleta / bicicleta / veiculo;Com Vitimas Feridas;Pleno dia
83232519;2014-08-14;Quinta;07:33:00;RJ;101;324.0;NITEROI;Outras;Colisao traseira;Sem Vitimas;Amanhecer
83232550;2014-08-14;Quinta;09:14:00;RJ;101;300.0;SAO GONCALO;Outras;Colisao traseira;Sem Vitimas;Pleno dia
83232628;2014-08-14;Quinta;08:40:00;RJ;101;316.0;SAO GONCALO;Nao guardar distancia de seguranca;Colisao traseira;Sem Vitimas;Pleno dia
83232832;2014-07-05;Sabado;12:00:00;RJ;101;304.0;SAO GONCALO;Outras;Capotamento;Com Vitimas Feridas;Pleno dia
83232968;2014-08-11;Segunda;22:30:00;RJ;101;328.0;NITEROI;Outras;Colisao com objeto fixo;Com Vitimas Feridas;Plena noite
83233319;2014-08-15;Sexta;19:00:00;RJ;101;322.0;NITEROI;Outras;Colisao traseira;Sem Vitimas;Plena noite
83233465;2014-08-13;Quarta;01:47:00;RJ;101;322.0;NITEROI;Falta de atencao;Colisao lateral;Sem Vitimas;Plena noite
83233588;2014-08-16;Sabado;08:00:00;RJ;101;321.0;NITEROI;Falta de atencao;Queda de motocicleta / bicicleta / veiculo;Com Vitimas Feridas;Pleno dia
83233734;2014-08-16;Sabado;15:31:00;RJ;101;323.0;NITEROI;Falta de atencao;Colisao lateral;Sem Vitimas;Pleno dia
83233747;2014-01-24;Sexta;19:30:00;RJ;101;311.0;SAO GONCALO;Outras;Colisao traseira;Com Vitimas Feridas;Plena noite
83233939;2014-08-17;Domingo;00:50:00;RJ;101;330.0;RIO DE JANEIRO;Outras;Colisao com objeto movel;Sem Vitimas;Plena noite
83234049;2014-08-17;Domingo;10:30:00;RJ;101;316.0;SAO GONCALO;Falta de atencao;Colisao traseira;Sem Vitimas;Pleno dia
83234232;2014-08-17;Domingo;19:40:00;RJ;101;306.0;SAO GONCALO;Falta de atencao;Saida de Pista;Com Vitimas Feridas;Plena noite
83234259;2014-08-17;Domingo;15:20:00;RJ;101;321.0;NITEROI;Outras;Colisao lateral;Sem Vitimas;Pleno dia
83234361;2014-08-09;Sabado;14:00:00;RJ;101;325.0;NITEROI;Nao guardar distancia de seguranca;Colisao traseira;Sem Vitimas;Pleno dia
83234412;2014-08-11;Segunda;10:40:00;RJ;101;330.0;NITEROI;Outras;Colisao traseira;Com Vitimas Feridas;Pleno dia
83234462;2014-08-18;Segunda;09:20:00;RJ;101;316.0;SAO GONCALO;Nao guardar distancia de seguranca;Colisao traseira;Sem Vitimas;Pleno dia
83234593;2014-08-18;Segunda;14:00:00;RJ;101;313.0;SAO GONCALO;Nao guardar distancia de seguranca;Colisao traseira;Sem Vitimas;Pleno dia
83234604;2014-08-18;Segunda;12:40:00;RJ;101;321.0;NITEROI;Outras;Colisao traseira;Sem Vitimas;Pleno dia
83234629;2014-08-18;Segunda;14:00:00;RJ;101;316.0;SAO GONCALO;Outras;Colisao traseira;Sem Vitimas;Pleno dia
83234663;2014-08-18;Segunda;16:40:00;RJ;101;334.0;RIO DE JANEIRO;Outras;Colisao traseira;Sem Vitimas;Pleno dia
83234735;2014-08-18;Segunda;19:30:00;RJ;101;321.0;NITEROI;Falta de atencao;Colisao traseira;Sem Vitimas;Plena noite
83234846;2014-08-19;Terca;00:56:00;RJ;101;334.0;RIO DE JANEIRO;Defeito mecanico em veiculo;Colisao com objeto fixo;Sem Vitimas;Plena noite
83234894;2014-05-09;Sexta;23:30:00;RJ;101;331.0;RIO DE JANEIRO;Falta de atencao;Colisao com objeto fixo;Sem Vitimas;Plena noite
83234921;2014-08-13;Quarta;13:10:00;RJ;101;322.0;NITEROI;Outras;Colisao lateral;Sem Vitimas;Pleno dia
83234938;2014-08-13;Quarta;22:15:00;RJ;101;332.0;NITEROI;Outras;Colisao lateral;Sem Vitimas;Plena noite
83235062;2014-08-19;Terca;13:55:00;RJ;101;322.8;NITEROI;Outras;Colisao traseira;Com Vitimas Feridas;Pleno dia
83235177;2014-08-19;Terca;12:20:00;RJ;101;303.0;SAO GONCALO;Outras;Colisao traseira;Sem Vitimas;Pleno dia
83235189;2014-08-15;Sexta;11:20:00;RJ;101;307.0;SAO GONCALO;Nao guardar distancia de seguranca;Colisao traseira;Sem Vitimas;Pleno dia
83235342;2014-08-20;Quarta;06:35:00;RJ;101;316.0;SAO GONCALO;Outras;Colisao traseira;Sem Vitimas;Pleno dia
83235376;2014-08-20;Quarta;09:00:00;RJ;101;316.0;SAO GONCALO;Outras;Colisao traseira;Sem Vitimas;Pleno dia
83235493;2014-08-20;Quarta;12:00:00;RJ;101;315.0;SAO GONCALO;Outras;Queda de motocicleta / bicicleta / veiculo;Com Vitimas Feridas;Pleno dia
83235689;2014-08-20;Quarta;19:40:00;RJ;101;328.0;NITEROI;Nao guardar distancia de seguranca;Colisao traseira;Sem Vitimas;Plena noite
83235775;2014-08-21;Quinta;07:35:00;RJ;101;334.0;RIO DE JANEIRO;Outras;Colisao traseira;Sem Vitimas;Pleno dia
83235878;2014-08-21;Quinta;11:00:00;RJ;101;328.0;RIO DE JANEIRO;Outras;Colisao traseira;Com Vitimas Feridas;Pleno dia
83235896;2014-08-21;Quinta;07:20:00;RJ;101;320.0;NITEROI;Outras;Atropelamento de pessoa;Com Vitimas Feridas;Pleno dia
83235902;2014-08-21;Quinta;10:45:00;RJ;101;329.0;RIO DE JANEIRO;Outras;Colisao traseira;Sem Vitimas;Pleno dia
83235919;2014-08-01;Sexta;23:00:00;RJ;101;312.0;SAO GONCALO;Outras;Colisao lateral;Sem Vitimas;Plena noite
83236086;2014-08-21;Quinta;18:40:00;RJ;101;318.0;SAO GONCALO;Outras;Colisao lateral;Com Vitimas Feridas;Plena noite
83236105;2014-08-21;Quinta;10:50:00;RJ;101;332.0;RIO DE JANEIRO;Outras;Colisao traseira;Com Vitimas Feridas;Pleno dia
83236110;2014-08-21;Quinta;14:00:00;RJ;101;323.0;NITEROI;Outras;Colisao traseira;Sem Vitimas;Pleno dia
83236140;2014-08-21;Quinta;10:50:00;RJ;101;328.5;RIO DE JANEIRO;Outras;Colisao traseira;Com Vitimas Feridas;Pleno dia
83236306;2014-08-22;Sexta;11:00:00;RJ;101;327.0;NITEROI;Outras;Colisao traseira;Sem Vitimas;Pleno dia
83236395;2014-08-22;Sexta;12:00:00;RJ;101;318.0;SAO GONCALO;Outras;Colisao com objeto fixo;Sem Vitimas;Pleno dia
83236399;2014-08-22;Sexta;14:58:00;RJ;101;324.0;NITEROI;Outras;Colisao com objeto fixo;Sem Vitimas;Plena noite
83236422;2014-08-22;Sexta;13:37:00;RJ;101;333.0;RIO DE JANEIRO;Outras;Colisao traseira;Sem Vitimas;Pleno dia
83236452;2014-08-22;Sexta;15:40:00;RJ;101;322.0;NITEROI;Outras;Colisao lateral;Sem Vitimas;Pleno dia
83236534;2014-08-22;Sexta;17:00:00;RJ;101;324.0;RIO DE JANEIRO;Falta de atencao;Colisao lateral;Sem Vitimas;Pleno dia
83236610;2014-08-22;Sexta;22:48:00;RJ;101;333.0;RIO DE JANEIRO;Outras;Colisao lateral;Com Vitimas Feridas;Plena noite
83236812;2014-08-23;Sabado;13:00:00;RJ;101;326.0;NITEROI;Outras;Colisao traseira;Sem Vitimas;Pleno dia
83236874;2014-08-23;Sabado;15:30:00;RJ;101;323.0;NITEROI;Falta de atencao;Colisao traseira;Sem Vitimas;Pleno dia
83236896;2014-08-23;Sabado;12:15:00;RJ;101;303.0;SAO GONCALO;Falta de atencao;Colisao traseira;Com Vitimas Feridas;Pleno dia
83237117;2014-08-20;Quarta;18:00:00;RJ;101;326.0;NITEROI;Falta de atencao;Colisao traseira;Com Vitimas Feridas;Anoitecer
83237172;2014-08-24;Domingo;08:55:00;RJ;101;333.0;RIO DE JANEIRO;Nao guardar distancia de seguranca;Colisao lateral;Sem Vitimas;Pleno dia
83237458;2014-08-24;Domingo;21:45:00;RJ;101;329.0;RIO DE JANEIRO;Falta de atencao;Colisao traseira;Sem Vitimas;Plena noite
83237551;2014-08-24;Domingo;18:40:00;RJ;101;313.0;SAO GONCALO;Outras;Atropelamento de pessoa;Com Vitimas Feridas;Plena noite
83237666;2014-08-24;Domingo;20:00:00;RJ;101;303.0;SAO GONCALO;Outras;Colisao traseira;Sem Vitimas;Plena noite
83237982;2014-08-26;Terca;05:24:00;RJ;101;322.0;NITEROI;Outras;Colisao com objeto movel;Sem Vitimas;Pleno dia
83238049;2014-08-26;Terca;08:00:00;RJ;101;320.5;NITEROI;Nao guardar distancia de seguranca;Colisao traseira;Com Vitimas Feridas;Pleno dia
83238084;2014-08-26;Terca;09:39:00;RJ;101;313.0;SAO GONCALO;Outras;Colisao traseira;Sem Vitimas;Pleno dia
83238086;2014-08-26;Terca;09:40:00;RJ;101;313.0;SAO GONCALO;Nao guardar distancia de seguranca;Colisao traseira;Sem Vitimas;Pleno dia
83238104;2014-08-26;Terca;12:05:00;RJ;101;322.0;NITEROI;Outras;Colisao traseira;Sem Vitimas;Pleno dia
83238278;2014-08-26;Terca;19:20:00;RJ;101;311.0;SAO GONCALO;Outras;Capotamento;Com Vitimas Feridas;Plena noite
83238285;2014-08-26;Terca;19:30:00;RJ;101;322.0;NITEROI;Falta de atencao;Colisao traseira;Sem Vitimas;Plena noite
83238459;2014-08-27;Quarta;06:35:00;RJ;101;327.0;NITEROI;Falta de atencao;Colisao traseira;Sem Vitimas;Pleno dia
83238717;2014-08-23;Sabado;23:00:00;RJ;101;305.0;SAO GONCALO;Outras;Atropelamento de pessoa;Com Vitimas Fatais;Plena noite
83239022;2014-08-25;Segunda;02:00:00;RJ;101;300.0;SAO GONCALO;Velocidade incompativel;Colisao traseira;Sem Vitimas;Plena noite
83239072;2014-08-24;Domingo;15:00:00;RJ;101;308.0;SAO GONCALO;Outras;Colisao lateral;Sem Vitimas;Pleno dia
83239146;2014-08-28;Quinta;18:00:00;RJ;101;317.0;SAO GONCALO;Falta de atencao;Colisao traseira;Sem Vitimas;Plena noite
83239168;2014-08-28;Quinta;18:30:00;RJ;101;323.0;NITEROI;Outras;Colisao traseira;Sem Vitimas;Plena noite
83239371;2014-08-21;Quinta;16:30:00;RJ;101;322.0;NITEROI;Nao guardar distancia de seguranca;Colisao lateral;Sem Vitimas;Pleno dia
83239442;2014-08-29;Sexta;08:50:00;RJ;101;306.0;SAO GONCALO;Outras;Colisao traseira;Sem Vitimas;Pleno dia
83239469;2014-08-29;Sexta;11:50:00;RJ;101;321.7;NITEROI;Outras;Danos Eventuais;Sem Vitimas;Pleno dia
83239624;2014-08-29;Sexta;18:00:00;RJ;101;317.0;SAO GONCALO;Outras;Colisao traseira;Sem Vitimas;Plena noite
83239657;2014-08-28;Quinta;15:40:00;RJ;101;306.0;SAO GONCALO;Animais na Pista;Saida de Pista;Sem Vitimas;Pleno dia
83240513;2014-08-31;Domingo;20:05:00;RJ;101;309.0;SAO GONCALO;Falta de atencao;Colisao traseira;Sem Vitimas;Plena noite
83240533;2014-08-31;Domingo;18:00:00;RJ;101;313.0;SAO GONCALO;Nao guardar distancia de seguranca;Colisao traseira;Sem Vitimas;Anoitecer
83240577;2014-08-31;Domingo;21:27:00;RJ;101;322.0;NITEROI;Falta de atencao;Colisao traseira;Sem Vitimas;Plena noite
83240586;2014-08-27;Quarta;20:12:00;RJ;101;311.0;SAO GONCALO;Outras;Colisao traseira;Com Vitimas Feridas;Plena noite
83241213;2014-09-02;Terca;07:00:00;RJ;101;317.0;SAO GONCALO;Falta de atencao;Colisao lateral;Sem Vitimas;Pleno dia
83241219;2014-09-02;Terca;09:30:00;RJ;101;318.0;SAO GONCALO;Outras;Colisao traseira;Sem Vitimas;Pleno dia
83241234;2014-08-29;Sexta;20:00:00;RJ;101;312.0;SAO GONCALO;Outras;Queda de motocicleta / bicicleta / veiculo;Com Vitimas Fatais;Plena noite
83241507;2014-09-02;Terca;17:50:00;RJ;101;322.0;NITEROI;Outras;Colisao lateral;Sem Vitimas;Plena noite
83241621;2014-09-03;Quarta;05:00:00;RJ;101;322.0;NITEROI;Outras;Colisao traseira;Sem Vitimas;Plena noite
83241777;2014-09-03;Quarta;13:39:00;RJ;101;322.0;NITEROI;Outras;Colisao traseira;Sem Vitimas;Pleno dia
83241783;2014-09-03;Quarta;14:00:00;RJ;101;322.0;NITEROI;Falta de atencao;Colisao lateral;Com Vitimas Feridas;Pleno dia
83241833;2014-09-03;Quarta;15:00:00;RJ;101;324.0;NITEROI;Outras;Colisao traseira;Sem Vitimas;Pleno dia
83241884;2014-09-03;Quarta;15:30:00;RJ;101;322.0;NITEROI;Outras;Colisao traseira;Sem Vitimas;Pleno dia
83242040;2014-09-03;Quarta;22:45:00;RJ;101;315.0;SAO GONCALO;Outras;Colisao com objeto fixo;Sem Vitimas;Plena noite
83242119;2014-09-02;Terca;22:03:00;RJ;101;326.0;NITEROI;Outras;Colisao lateral;Sem Vitimas;Plena noite
83242157;2014-09-04;Quinta;08:40:00;RJ;101;326.0;NITEROI;Outras;Colisao traseira;Sem Vitimas;Pleno dia
83242321;2014-09-04;Quinta;11:30:00;RJ;101;324.0;NITEROI;Outras;Colisao lateral;Sem Vitimas;Pleno dia
83242338;2014-04-03;Quinta;07:45:00;RJ;101;313.0;SAO GONCALO;Outras;Tombamento;Com Vitimas Feridas;Pleno dia
83242448;2014-09-04;Quinta;20:30:00;RJ;101;325.0;NITEROI;Falta de atencao;Colisao traseira;Com Vitimas Feridas;Plena noite
83242490;2014-09-05;Sexta;02:28:00;RJ;101;326.0;NITEROI;Falta de atencao;Colisao traseira;Sem Vitimas;Plena noite
83242547;2014-09-01;Segunda;21:00:00;RJ;101;318.0;SAO GONCALO;Outras;Colisao traseira;Com Vitimas Feridas;Plena noite
83242806;2014-09-05;Sexta;13:00:00;RJ;101;322.0;NITEROI;Falta de atencao;Colisao traseira;Com Vitimas Feridas;Pleno dia
83242820;2014-09-05;Sexta;14:45:00;RJ;101;326.0;NITEROI;Falta de atencao;Colisao com objeto fixo;Com Vitimas Feridas;Pleno dia
83242848;2014-09-05;Sexta;19:30:00;RJ;101;322.0;NITEROI;Outras;Colisao lateral;Sem Vitimas;Plena noite
83242860;2014-09-05;Sexta;17:45:00;RJ;101;327.0;NITEROI;Falta de atencao;Colisao traseira;Sem Vitimas;Anoitecer
83243021;2014-05-06;Terca;02:55:00;RJ;101;327.0;NITEROI;Defeito mecanico em veiculo;Colisao traseira;Sem Vitimas;Plena noite
83243127;2014-09-02;Terca;15:50:00;RJ;101;311.0;SAO GONCALO;Outras;Colisao traseira;Com Vitimas Feridas;Pleno dia
83243156;2014-09-06;Sabado;11:30:00;RJ;101;301.0;SAO GONCALO;Outras;Colisao traseira;Sem Vitimas;Pleno dia
83243162;2014-09-06;Sabado;13:06:00;RJ;101;328.0;NITEROI;Outras;Colisao traseira;Sem Vitimas;Pleno dia
83243418;2014-09-06;Sabado;21:16:00;RJ;101;318.0;SAO GONCALO;Outras;Colisao com bicicleta;Com Vitimas Feridas;Plena noite
83243591;2014-09-07;Domingo;09:45:00;RJ;101;327.0;RIO DE JANEIRO;Outras;Colisao com objeto fixo;Sem Vitimas;Pleno dia
83243678;2014-09-07;Domingo;15:00:00;RJ;101;324.0;NITEROI;Outras;Colisao lateral;Com Vitimas Feridas;Pleno dia
83243729;2014-09-07;Domingo;16:15:00;RJ;101;329.0;NITEROI;Falta de atencao;Capotamento;Com Vitimas Feridas;Pleno dia
83243897;2014-09-07;Domingo;22:32:00;RJ;101;319.0;SAO GONCALO;Outras;Colisao lateral;Sem Vitimas;Plena noite
83244025;2014-09-08;Segunda;07:41:00;RJ;101;334.0;NITEROI;Outras;Colisao traseira;Com Vitimas Feridas;Pleno dia
83244027;2014-09-08;Segunda;08:09:00;RJ;101;331.0;RIO DE JANEIRO;Outras;Colisao lateral;Sem Vitimas;Pleno dia
83244261;2014-09-08;Segunda;16:30:00;RJ;101;322.0;NITEROI;Outras;Colisao lateral;Sem Vitimas;Pleno dia
83244268;2014-09-08;Segunda;17:40:00;RJ;101;322.0;NITEROI;Outras;Colisao lateral;Sem Vitimas;Anoitecer
83244309;2014-09-04;Quinta;09:00:00;RJ;101;311.0;SAO GONCALO;Outras;Colisao traseira;Sem Vitimas;Pleno dia
83244374;2014-09-04;Quinta;20:00:00;RJ;101;319.0;SAO GONCALO;Outras;Colisao traseira;Sem Vitimas;Plena noite
83244414;2014-09-08;Segunda;18:20:00;RJ;101;306.0;SAO GONCALO;Outras;Colisao traseira;Com Vitimas Feridas;Anoitecer
83244481;2014-09-08;Segunda;18:00:00;RJ;101;314.0;SAO GONCALO;Outras;Colisao traseira;Sem Vitimas;Anoitecer