id;data_inversa;dia_semana;horario;uf;br;km;municipio;causa_acidente;tipo_acidente;classificacao_acidente;fase_dia
83244576;2014-09-09;Terca;08:15:00;RJ;101;321.0;NITEROI;Falta de atencao;Colisao traseira;Sem Vitimas;Pleno dia
83244623;2014-09-09;Terca;10:40:00;RJ;101;310.0;SAO GONCALO;Outras;Colisao lateral;Sem Vitimas;Pleno dia
83244692;2014-09-07;Domingo;16:49:00;RJ;101;319.0;SAO GONCALO;Falta de atencao;Colisao traseira;Com Vitimas Feridas;Pleno dia
83244731;2014-04-12;Sabado;04:45:00;RJ;101;304.0;SAO GONCALO;Outras;Saida de Pista;Com Vitimas Fatais;Amanhecer
83245110;2014-09-10;Quarta;07:50:00;RJ;101;319.0;SAO GONCALO;Falta de atencao;Colisao traseira;Sem Vitimas;Pleno dia
83245494;2014-09-11;Quinta;07:45:00;RJ;101;321.0;NITEROI;Falta de atencao;Colisao traseira;Sem Vitimas;Pleno dia
83245529;2014-09-07;Domingo;20:40:00;RJ;101;319.0;SAO GONCALO;Outras;Colisao traseira;Sem Vitimas;Plena noite
83245541;2014-09-07;Domingo;18:40:00;RJ;101;309.0;SAO GONCALO;Outras;Colisao traseira;Sem Vitimas;Plena noite
83245727;2014-09-11;Quinta;17:45:00;RJ;101;322.0;NITEROI;Outras;Colisao lateral;Sem Vitimas;Anoitecer
83245853;2014-09-11;Quinta;20:00:00;RJ;101;314.0;SAO GONCALO;Outras;Colisao traseira;Sem Vitimas;Plena noite
83246266;2014-09-12;Sexta;12:05:00;RJ;101;333.0;RIO DE JANEIRO;Outras;Colisao traseira;Com Vitimas Feridas;Pleno dia
83246320;2014-09-12;Sexta;23:25:00;RJ;101;320.0;NITEROI;Outras;Colisao com objeto fixo;Sem Vitimas;Plena noite
83246334;2014-09-13;Sabado;00:20:00;RJ;101;323.0;NITEROI;Defeito mecanico em veiculo;Colisao traseira;Com Vitimas Feridas;Plena noite
83246443;2014-09-13;Sabado;07:20:00;RJ;101;320.0;NITEROI;Outras;Colisao lateral;Sem Vitimas;Pleno dia
83246530;2014-09-05;Sexta;16:00:00;RJ;101;324.0;NITEROI;Falta de atencao;Colisao traseira;Sem Vitimas;Pleno dia
83246539;2014-09-13;Sabado;12:15:00;RJ;101;321.0;NITEROI;Falta de atencao;Colisao lateral;Sem Vitimas;Pleno dia
83246630;2014-09-13;Sabado;16:30:00;RJ;101;325.0;NITEROI;Falta de atencao;Colisao traseira;Sem Vitimas;Pleno dia
83246633;2014-09-13;Sabado;15:45:00;RJ;101;324.0;NITEROI;Falta de atencao;Colisao traseira;Sem Vitimas;Pleno dia
83246654;2014-09-13;Sabado;17:05:00;RJ;101;324.0;NITEROI;Falta de atencao;Colisao traseira;Sem Vitimas;Pleno dia
83246694;2014-09-13;Sabado;17:42:00;RJ;101;332.0;NITEROI;Falta de atencao;Colisao traseira;Sem Vitimas;Anoitecer
83246695;2014-09-13;Sabado;15:20:00;RJ;101;304.0;SAO GONCALO;Defeito mecanico em veiculo;Saida de Pista;Com Vitimas Feridas;Pleno dia
83246907;2014-09-06;Sabado;15:47:00;RJ;101;313.0;SAO GONCALO;Ingestao de alcool;Colisao lateral;Sem Vitimas;Pleno dia
83247337;2014-09-13;Sabado;07:40:00;RJ;101;323.0;NITEROI;Falta de atencao;Colisao lateral;Sem Vitimas;Pleno dia
83247411;2014-09-15;Segunda;13:00:00;RJ;101;322.0;NITEROI;Falta de atencao;Colisao lateral;Sem Vitimas;Pleno dia
83247511;2014-09-15;Segunda;15:45:00;RJ;101;322.0;NITEROI;Outras;Colisao traseira;Sem Vitimas;Pleno dia
83247580;2014-09-15;Segunda;17:45:00;RJ;101;327.0;NITEROI;Outras;Colisao traseira;Com Vitimas Feridas;Anoitecer
83247598;2014-09-15;Segunda;19:00:00;RJ;101;328.0;NITEROI;Falta de atencao;Colisao frontal;Sem Vitimas;Plena noite
83247793;2014-09-16;Terca;06:40:00;RJ;101;322.0;NITEROI;Outras;Colisao lateral;Sem Vitimas;Pleno dia
83247825;2014-09-08;Segunda;15:15:00;RJ;101;307.0;SAO GONCALO;Outras;Colisao lateral;Sem Vitimas;Pleno dia
83247860;2014-09-10;Quarta;12:30:00;RJ;101;334.0;RIO DE JANEIRO;Outras;Colisao lateral;Sem Vitimas;Pleno dia
83247893;2014-09-16;Terca;06:45:00;RJ;101;322.0;NITEROI;Outras;Colisao traseira;Sem Vitimas;Pleno dia
83247950;2014-09-16;Terca;08:30:00;RJ;101;327.0;NITEROI;Outras;Colisao lateral;Sem Vitimas;Pleno dia
83248033;2014-08-15;Sexta;16:58:00;RJ;101;325.0;NITEROI;Outras;Colisao traseira;Com Vitimas Feridas;Plena noite
83248235;2014-09-12;Sexta;23:45:00;RJ;101;326.0;NITEROI;Nao guardar distancia de seguranca;Colisao traseira;Sem Vitimas;Plena noite
83248268;2014-09-17;Quarta;06:40:00;RJ;101;318.0;SAO GONCALO;Nao guardar distancia de seguranca;Colisao traseira;Sem Vitimas;Pleno dia
83248282;2014-09-17;Quarta;07:05:00;RJ;101;317.0;SAO GONCALO;Outras;Colisao traseira;Com Vitimas Feridas;Pleno dia
83248365;2014-09-17;Quarta;12:20:00;RJ;101;322.0;NITEROI;Falta de atencao;Colisao Transversal;Sem Vitimas;Pleno dia
83248491;2014-09-10;Quarta;09:40:00;RJ;101;314.0;SAO GONCALO;Falta de atencao;Colisao lateral;Sem Vitimas;Pleno dia
83248508;2014-09-14;Domingo;23:35:00;RJ;101;311.0;SAO GONCALO;Outras;Colisao traseira;Sem Vitimas;Plena noite
83248755;2014-08-29;Sexta;20:30:00;RJ;101;318.0;SAO GONCALO;Outras;Colisao traseira;Sem Vitimas;Pleno dia
83248870;2014-09-18;Quinta;15:52:00;RJ;101;328.0;NITEROI;Outras;Colisao traseira;Com Vitimas Feridas;Pleno dia
83248873;2014-09-18;Quinta;15:50:00;RJ;101;322.0;NITEROI;Outras;Colisao traseira;Com Vitimas Feridas;Pleno dia
83248900;2014-09-18;Quinta;17:00:00;RJ;101;333.0;RIO DE JANEIRO;Falta de atencao;Colisao traseira;Sem Vitimas;Pleno dia
83248967;2014-09-18;Quinta;18:13:00;RJ;101;319.0;SAO GONCALO;Falta de atencao;Colisao traseira;Sem Vitimas;Pleno dia
83249196;2014-09-19;Sexta;10:30:00;RJ;101;334.0;RIO DE JANEIRO;Falta de atencao;Colisao lateral;Ignorado;Pleno dia
83249351;2014-08-26;Terca;21:00:00;RJ;101;312.0;SAO GONCALO;Outras;Colisao traseira;Com Vitimas Feridas;Plena noite
83249394;2014-09-19;Sexta;17:30:00;RJ;101;334.0;RIO DE JANEIRO;Outras;Colisao traseira;Sem Vitimas;Anoitecer
83249518;2014-09-19;Sexta;22:45:00;RJ;101;323.0;NITEROI;Outras;Colisao lateral;Sem Vitimas;Plena noite
83249825;2014-09-20;Sabado;11:30:00;RJ;101;311.0;SAO GONCALO;Falta de atencao;Colisao traseira;Sem Vitimas;Pleno dia
83250189;2014-09-21;Domingo;15:25:00;RJ;101;328.0;RIO DE JANEIRO;Nao guardar distancia de seguranca;Colisao traseira;Sem Vitimas;Pleno dia
83250223;2014-08-23;Sabado;15:50:00;RJ;101;322.0;NITEROI;Falta de atencao;Colisao traseira;Sem Vitimas;Pleno dia
83250244;2014-09-12;Sexta;20:15:00;RJ;101;325.0;NITEROI;Falta de atencao;Colisao traseira;Sem Vitimas;Plena noite
83250257;2014-09-20;Sabado;08:00:00;RJ;101;323.0;NITEROI;Outras;Colisao traseira;Sem Vitimas;Pleno dia
83250303;2014-09-21;Domingo;20:20:00;RJ;101;319.0;SAO GONCALO;Falta de atencao;Colisao traseira;Sem Vitimas;Plena noite
83250369;2014-09-21;Domingo;23:30:00;RJ;101;322.0;NITEROI;Falta de atencao;Colisao traseira;Sem Vitimas;Plena noite
83250476;2014-09-22;Segunda;06:20:00;RJ;101;315.0;SAO GONCALO;Outras;Colisao Transversal;Sem Vitimas;Pleno dia
83250583;2014-09-16;Terca;15:50:00;RJ;101;323.0;NITEROI;Outras;Colisao traseira;Com Vitimas Feridas;Pleno dia
83250815;2014-09-22;Segunda;15:30:00;RJ;101;320.5;NITEROI;Outras;Danos Eventuais;Com Vitimas Feridas;Pleno dia
83250827;2014-09-18;Quinta;23:00:00;RJ;101;321.0;NITEROI;Outras;Colisao lateral;Sem Vitimas;Plena noite
83251034;2014-09-23;Terca;09:30:00;RJ;101;322.0;NITEROI;Outras;Colisao traseira;Sem Vitimas;Pleno dia
83251065;2014-09-23;Terca;12:30:00;RJ;101;330.0;RIO DE JANEIRO;Falta de atencao;Colisao lateral;Sem Vitimas;Pleno dia
83251383;2014-09-23;Terca;19:20:00;RJ;101;322.0;NITEROI;Outras;Colisao lateral;Sem Vitimas;Plena noite
83251387;2014-09-23;Terca;18:40:00;RJ;101;321.0;NITEROI;Falta de atencao;Colisao lateral;Com Vitimas Feridas;Plena noite
83251423;2014-09-23;Terca;18:30:00;RJ;101;317.0;SAO GONCALO;Falta de atencao;Colisao lateral;Com Vitimas Feridas;Plena noite
83251444;2014-09-24;Quarta;06:15:00;RJ;101;318.0;SAO GONCALO;Outras;Colisao traseira;Sem Vitimas;Pleno dia
83251470;2014-09-21;Domingo;01:00:00;RJ;101;331.0;NITEROI;Outras;Colisao traseira;Sem Vitimas;Plena noite
83251472;2014-09-08;Segunda;18:00:00;RJ;101;308.0;SAO GONCALO;Outras;Colisao lateral;Sem Vitimas;Pleno dia
83251487;2014-09-12;Sexta;19:20:00;RJ;101;317.0;SAO GONCALO;Outras;Colisao lateral;Com Vitimas Feridas;Plena noite
83251985;2014-09-17;Quarta;18:40:00;RJ;101;318.0;SAO GONCALO;Falta de atencao;Colisao traseira;Sem Vitimas;Plena noite
83252029;2014-09-25;Quinta;05:30:00;RJ;101;334.0;RIO DE JANEIRO;Dormindo;Colisao com objeto fixo;Com Vitimas Feridas;Amanhecer
83252164;2014-09-23;Terca;17:15:00;RJ;101;322.0;NITEROI;Falta de atencao;Colisao traseira;Sem Vitimas;Plena noite
83252172;2014-09-25;Quinta;13:45:00;RJ;101;319.0;SAO GONCALO;Outras;Queda de motocicleta / bicicleta / veiculo;Com Vitimas Feridas;Pleno dia
83252340;2014-09-25;Quinta;22:10:00;RJ;101;321.0;NITEROI;Nao guardar distancia de seguranca;Colisao lateral;Com Vitimas Feridas;Plena noite
83252452;2014-09-20;Sabado;12:00:00;RJ;101;329.0;RIO DE JANEIRO;Outras;Colisao traseira;Sem Vitimas;Pleno dia
83252526;2014-09-22;Segunda;14:30:00;RJ;101;330.0;NITEROI;Outras;Colisao traseira;Sem Vitimas;Pleno dia
83252558;2014-09-22;Segunda;15:30:00;RJ;101;320.5;NITEROI;Outras;Colisao traseira;Sem Vitimas;Pleno dia
83252575;2014-09-22;Segunda;18:00:00;RJ;101;328.0;NITEROI;Outras;Colisao traseira;Sem Vitimas;Pleno dia
83252668;2014-09-26;Sexta;09:00:00;RJ;101;322.0;NITEROI;Outras;Colisao lateral;Sem Vitimas;Pleno dia
83252669;2014-09-26;Sexta;15:00:00;RJ;101;321.0;NITEROI;Falta de atencao;Colisao traseira;Sem Vitimas;Pleno dia
83252681;2014-09-23;Terca;21:25:00;RJ;101;331.0;NITEROI;Outras;Colisao traseira;Sem Vitimas;Plena noite
83252720;2014-09-26;Sexta;17:30:00;RJ;101;309.0;SAO GONCALO;Outras;Colisao lateral;Sem Vitimas;Anoitecer
83252828;2014-09-26;Sexta;20:00:00;RJ;101;322.0;NITEROI;Falta de atencao;Colisao lateral;Sem Vitimas;Plena noite
83252863;2014-09-26;Sexta;23:00:00;RJ;101;328.0;RIO DE JANEIRO;Outras;Colisao traseira;Sem Vitimas;Plena noite
83253011;2014-09-24;Quarta;06:55:00;RJ;101;317.0;SAO GONCALO;Outras;Colisao traseira;Sem Vitimas;Pleno dia
83253037;2014-09-23;Terca;18:15:00;RJ;101;305.0;SAO GONCALO;Outras;Colisao traseira;Com Vitimas Feridas;Pleno dia
83253123;2014-09-27;Sabado;14:57:00;RJ;101;327.0;NITEROI;Outras;Colisao traseira;Com Vitimas Feridas;Pleno dia
83253144;2014-09-27;Sabado;15:55:00;RJ;101;322.0;NITEROI;Outras;Colisao traseira;Com Vitimas Feridas;Pleno dia
83253179;2014-09-27;Sabado;16:40:00;RJ;101;322.0;NITEROI;Outras;Colisao traseira;Sem Vitimas;Pleno dia
83253198;2014-09-27;Sabado;17:20:00;RJ;101;333.0;RIO DE JANEIRO;Outras;Colisao traseira;Sem Vitimas;Anoitecer
83253417;2014-09-28;Domingo;07:25:00;RJ;101;325.0;NITEROI;Outras;Colisao traseira;Sem Vitimas;Pleno dia
83253495;2014-09-20;Sabado;11:30:00;RJ;101;311.0;SAO GONCALO;Outras;Colisao traseira;Sem Vitimas;Pleno dia
83253507;2014-09-28;Domingo;14:10:00;RJ;101;321.0;NITEROI;Falta de atencao;Colisao traseira;Sem Vitimas;Pleno dia
83253602;2014-09-21;Domingo;00:30:00;RJ;101;309.0;SAO GONCALO;Outras;Atropelamento de pessoa;Com Vitimas Fatais;Plena noite
83253604;2014-09-28;Domingo;19:00:00;RJ;101;322.0;NITEROI;Outras;Colisao lateral;Sem Vitimas;Plena noite
83253610;2014-09-20;Sabado;15:00:00;RJ;101;308.0;SAO GONCALO;Outras;Colisao traseira;Sem Vitimas;Pleno dia
83253819;2014-09-29;Segunda;06:07:00;RJ;101;328.0;RIO DE JANEIRO;Outras;Colisao traseira;Sem Vitimas;Pleno dia
83254080;2014-09-26;Sexta;07:00:00;RJ;101;306.0;SAO GONCALO;Outras;Colisao traseira;Com Vitimas Feridas;Pleno dia
83254100;2014-09-29;Segunda;18:15:00;RJ;101;323.0;NITEROI;Nao guardar distancia de seguranca;Colisao lateral;Sem Vitimas;Plena noite
83254110;2014-09-29;Segunda;18:15:00;RJ;101;324.0;NITEROI;Falta de atencao;Colisao lateral;Sem Vitimas;Anoitecer
83254122;2014-09-29;Segunda;08:00:00;RJ;101;317.0;SAO GONCALO;Falta de atencao;Colisao lateral;Com Vitimas Feridas;Pleno dia
83254136;2014-09-29;Segunda;18:40:00;RJ;101;327.0;NITEROI;Outras;Colisao traseira;Sem Vitimas;Plena noite
83254299;2014-09-27;Sabado;01:00:00;RJ;101;314.0;SAO GONCALO;Falta de atencao;Colisao traseira;Com Vitimas Feridas;Plena noite
83254304;2014-09-22;Segunda;17:20:00;RJ;101;318.0;SAO GONCALO;Falta de atencao;Colisao traseira;Sem Vitimas;Pleno dia
83254396;2014-09-29;Segunda;22:30:00;RJ;101;318.0;SAO GONCALO;Falta de atencao;Colisao lateral;Com Vitimas Feridas;Plena noite
83254422;2014-09-27;Sabado;00:05:00;RJ;101;322.0;NITEROI;Falta de atencao;Colisao traseira;Sem Vitimas;Plena noite
83254453;2014-07-16;Quarta;12:30:00;RJ;101;321.0;NITEROI;Outras;Colisao lateral;Sem Vitimas;Pleno dia
83254777;2014-10-01;Quarta;08:30:00;RJ;101;311.5;SAO GONCALO;Outras;Colisao lateral;Sem Vitimas;Pleno dia
83254859;2014-09-12;Sexta;18:30:00;RJ;101;322.0;NITEROI;Outras;Colisao lateral;Sem Vitimas;Plena noite
83254915;2014-10-01;Quarta;07:30:00;RJ;101;312.0;SAO GONCALO;Falta de atencao;Colisao lateral;Sem Vitimas;Pleno dia
83254938;2014-10-01;Quarta;14:30:00;RJ;101;320.0;NITEROI;Outras;Colisao traseira;Sem Vitimas;Pleno dia
83255071;2014-10-01;Quarta;23:00:00;RJ;101;311.0;SAO GONCALO;Outras;Saida de Pista;Com Vitimas Feridas;Plena noite
83255167;2014-10-02;Quinta;05:55:00;RJ;101;322.0;NITEROI;Nao guardar distancia de seguranca;Colisao traseira;Sem Vitimas;Pleno dia
83255256;2014-10-02;Quinta;08:40:00;RJ;101;313.0;SAO GONCALO;Outras;Colisao traseira;Sem Vitimas;Pleno dia
83255264;2014-10-02;Quinta;09:30:00;RJ;101;310.0;SAO GONCALO;Outras;Colisao traseira;Sem Vitimas;Pleno dia
83255269;2014-10-02;Quinta;09:50:00;RJ;101;313.0;SAO GONCALO;Outras;Colisao traseira;Sem Vitimas;Pleno dia
83255274;2014-10-02;Quinta;11:30:00;RJ;101;304.0;SAO GONCALO;Defeito mecanico em veiculo;Colisao com objeto fixo;Sem Vitimas;Pleno dia
83255318;2014-09-30;Terca;21:55:00;RJ;101;326.0;NITEROI;Outras;Colisao lateral;Sem Vitimas;Pleno dia
83255353;2014-10-01;Quarta;19:15:00;RJ;101;333.0;RIO DE JANEIRO;Outras;Colisao lateral;Sem Vitimas;Plena noite
83255505;2014-10-02;Quinta;15:55:00;RJ;101;326.0;NITEROI;Outras;Colisao traseira;Sem Vitimas;Pleno dia
83255523;2014-10-02;Quinta;16:30:00;RJ;101;322.0;NITEROI;Outras;Colisao traseira;Sem Vitimas;Pleno dia
83255771;2014-09-27;Sabado;02:15:00;RJ;101;314.0;NITEROI;Velocidade incompativel;Colisao traseira;Sem Vitimas;Plena noite
83255773;2014-09-29;Segunda;17:20:00;RJ;101;322.0;NITEROI;Falta de atencao;Colisao lateral;Sem Vitimas;Pleno dia
83255845;2014-10-03;Sexta;16:25:00;RJ;101;315.0;SAO GONCALO;Outras;Colisao traseira;Sem Vitimas;Pleno dia
83256004;2014-10-03;Sexta;22:40:00;RJ;101;322.0;NITEROI;Falta de atencao;Colisao lateral;Sem Vitimas;Plena noite
83256173;2014-10-04;Sabado;10:10:00;RJ;101;329.0;NITEROI;Outras;Colisao traseira;Sem Vitimas;Pleno dia
83256180;2014-10-01;Quarta;17:40:00;RJ;101;321.0;NITEROI;Outras;Capotamento;Com Vitimas Feridas;Pleno dia
83256267;2014-10-04;Sabado;15:05:00;RJ;101;326.0;NITEROI;Defeito mecanico em veiculo;Colisao traseira;Com Vitimas Feridas;Pleno dia
83256462;2014-10-04;Sabado;23:30:00;RJ;101;302.0;SAO GONCALO;Outras;Saida de Pista;Sem Vitimas;Pleno dia
83256560;2014-10-05;Domingo;08:30:00;RJ;101;321.0;NITEROI;Outras;Colisao lateral;Ignorado;Pleno dia
83256695;2014-10-05;Domingo;14:50:00;RJ;101;322.0;NITEROI;Outras;Colisao traseira;Sem Vitimas;Pleno dia
83256892;2014-10-05;Domingo;22:50:00;RJ;101;331.0;RIO DE JANEIRO;Outras;Colisao traseira;Sem Vitimas;Pleno dia
83256895;2014-10-05;Domingo;23:59:00;RJ;101;304.0;SAO GONCALO;Outras;Capotamento;Sem Vitimas;Plena noite
83256906;2014-10-06;Segunda;01:40:00;RJ;101;314.0;SAO GONCALO;Falta de atencao;Colisao Transversal;Com Vitimas Feridas;Plena noite
83256968;2014-10-01;Quarta;08:00:00;RJ;101;305.0;SAO GONCALO;Outras;Colisao lateral;Com Vitimas Feridas;Pleno dia
83257168;2014-10-06;Segunda;16:20:00;RJ;101;321.0;NITEROI;Outras;Colisao lateral;Sem Vitimas;Pleno dia
83257208;2014-10-06;Segunda;18:30:00;RJ;101;334.0;NITEROI;Nao guardar distancia de seguranca;Colisao traseira;Sem Vitimas;Plena noite
83257261;2014-10-02;Quinta;10:30:00;RJ;101;311.0;SAO GONCALO;Outras;Colisao traseira;Sem Vitimas;Plena noite
83257293;2014-10-06;Segunda;19:00:00;RJ;101;320.0;NITEROI;Falta de atencao;Colisao traseira;Sem Vitimas;Plena noite
83257317;2014-10-06;Segunda;19:00:00;RJ;101;319.0;SAO GONCALO;Outras;Colisao traseira;Com Vitimas Feridas;Plena noite
83257452;2014-10-07;Terca;08:50:00;RJ;101;306.0;SAO GONCALO;Outras;Colisao lateral;Sem Vitimas;Pleno dia
83257610;2014-10-07;Terca;10:45:00;RJ;101;321.0;NITEROI;Falta de atencao;Colisao lateral;Com Vitimas Feridas;Pleno dia
83257718;2014-10-07;Terca;06:20:00;RJ;101;303.0;SAO GONCALO;Outras;Colisao traseira;Com Vitimas Feridas;Pleno dia
83257796;2014-10-07;Terca;18:10:00;RJ;101;327.0;NITEROI;Outras;Colisao traseira;Sem Vitimas;Plena noite
83257835;2014-10-03;Sexta;20:20:00;RJ;101;319.0;SAO GONCALO;Outras;Colisao traseira;Sem Vitimas;Plena noite
83257969;2014-10-08;Quarta;09:05:00;RJ;101;319.0;NITEROI;Outras;Colisao traseira;Sem Vitimas;Pleno dia
83258268;2014-10-08;Quarta;20:00:00;RJ;101;322.0;NITEROI;Outras;Danos Eventuais;Sem Vitimas;Pleno dia
83258347;2014-08-09;Sabado;06:30:00;RJ;101;329.0;RIO DE JANEIRO;Falta de atencao;Colisao traseira;Sem Vitimas;Plena noite
83258372;2014-10-09;Quinta;06:11:00;RJ;101;327.0;NITEROI;Falta de atencao;Colisao traseira;Sem Vitimas;Pleno dia
83258391;2014-10-09;Quinta;08:15:00;RJ;101;321.0;NITEROI;Outras;Queda de motocicleta / bicicleta / veiculo;Com Vitimas Feridas;Pleno dia
83258427;2014-10-09;Quinta;09:24:00;RJ;101;333.0;RIO DE JANEIRO;Outras;Colisao traseira;Com Vitimas Feridas;Pleno dia
83258563;2014-10-09;Quinta;17:00:00;RJ;101;300.0;SAO GONCALO;Outras;Colisao com objeto fixo;Sem Vitimas;Pleno dia
83258738;2014-10-09;Quinta;23:35:00;RJ;101;309.0;SAO GONCALO;Outras;Colisao lateral;Sem Vitimas;Plena noite
83258840;2014-10-10;Sexta;06:50:00;RJ;101;317.0;SAO GONCALO;Animais na Pista;Colisao traseira;Sem Vitimas;Pleno dia
83258863;2014-10-10;Sexta;07:30:00;RJ;101;332.0;RIO DE JANEIRO;Outras;Colisao lateral;Sem Vitimas;Pleno dia
83258974;2014-10-10;Sexta;12:30:00;RJ;101;326.0;NITEROI;Outras;Colisao traseira;Sem Vitimas;Pleno dia
83259198;2014-10-10;Sexta;21:10:00;RJ;101;315.0;SAO GONCALO;Outras;Colisao traseira;Sem Vitimas;Plena noite
83259232;2014-01-11;Sabado;00:05:00;RJ;101;321.0;NITEROI;Outras;Colisao traseira;Sem Vitimas;Plena noite
83259245;2014-10-10;Sexta;23:45:00;RJ;101;325.0;NITEROI;Outras;Colisao traseira;Sem Vitimas;Plena noite
83259344;2014-10-07;Terca;08:00:00;RJ;101;306.0;SAO GONCALO;Outras;Colisao traseira;Sem Vitimas;Pleno dia
83259383;2014-10-11;Sabado;08:10:00;RJ;101;318.0;SAO GONCALO;Outras;Colisao traseira;Sem Vitimas;Pleno dia
83259412;2014-10-11;Sabado;08:40:00;RJ;101;334.0;RIO DE JANEIRO;Outras;Queda de motocicleta / bicicleta / veiculo;Com Vitimas Feridas;Pleno dia
83259466;2014-10-04;Sabado;01:20:00;RJ;101;318.0;SAO GONCALO;Outras;Colisao traseira;Sem Vitimas;Plena noite
83259500;2014-10-11;Sabado;14:30:00;RJ;101;302.0;SAO GONCALO;Outras;Colisao traseira;Sem Vitimas;Pleno dia
83259660;2014-10-11;Sabado;16:15:00;RJ;101;309.0;SAO GONCALO;Outras;Colisao lateral;Sem Vitimas;Pleno dia
83259686;2014-10-07;Terca;07:55:00;RJ;101;305.0;SAO GONCALO;Outras;Colisao traseira;Sem Vitimas;Pleno dia
83259853;2014-08-30;Sabado;09:30:00;RJ;101;319.0;SAO GONCALO;Falta de atencao;Colisao traseira;Com Vitimas Feridas;Pleno dia
83260067;2014-10-12;Domingo;18:50:00;RJ;101;321.0;NITEROI;Outras;Colisao traseira;Sem Vitimas;Anoitecer
83260087;2014-10-12;Domingo;19:50:00;RJ;101;323.0;NITEROI;Outras;Colisao traseira;Com Vitimas Feridas;Plena noite
83260461;2014-10-13;Segunda;13:59:00;RJ;101;322.0;NITEROI;Outras;Colisao lateral;Sem Vitimas;Pleno dia
83260501;2014-10-13;Segunda;15:40:00;RJ;101;320.0;NITEROI;Outras;Colisao lateral;Sem Vitimas;Pleno dia
83260633;2014-10-13;Segunda;11:00:00;RJ;101;329.0;RIO DE JANEIRO;Falta de atencao;Colisao lateral;Com Vitimas Feridas;Pleno dia
83260658;2014-10-13;Segunda;18:50:00;RJ;101;321.0;NITEROI;Outras;Colisao traseira;Sem Vitimas;Plena noite
83261020;2014-10-14;Terca;16:30:00;RJ;101;320.0;NITEROI;Falta de atencao;Colisao com objeto fixo;Sem Vitimas;Pleno dia
83261044;2014-10-14;Terca;17:45:00;RJ;101;321.0;NITEROI;Outras;Colisao traseira;Com Vitimas Feridas;Anoitecer
83261066;2014-10-14;Terca;15:50:00;RJ;101;320.0;NITEROI;Outras;Colisao traseira;Sem Vitimas;Pleno dia
83261068;2014-10-14;Terca;17:40:00;RJ;101;334.0;NITEROI;Outras;Colisao traseira;Com Vitimas Feridas;Pleno dia
83261081;2014-10-14;Terca;18:40:00;RJ;101;322.0;NITEROI;Outras;Colisao lateral;Sem Vitimas;Plena noite
83261120;2014-10-14;Terca;11:10:00;RJ;101;327.0;NITEROI;Outras;Colisao com objeto movel;Sem Vitimas;Pleno dia
83261132;2014-10-14;Terca;16:00:00;RJ;101;320.0;NITEROI;Nao guardar distancia de seguranca;Colisao traseira;Sem Vitimas;Pleno dia
83261223;2014-10-15;Quarta;07:20:00;RJ;101;323.0;NITEROI;Falta de atencao;Colisao traseira;Sem Vitimas;Pleno dia
83261226;2014-04-16;Quarta;13:00:00;RJ;101;333.0;RIO DE JANEIRO;Outras;Colisao lateral;Sem Vitimas;Pleno dia
83261398;2014-10-15;Quarta;16:10:00;RJ;101;321.0;NITEROI;Falta de atencao;Colisao lateral;Sem Vitimas;Pleno dia
83261436;2014-10-15;Quarta;16:30:00;RJ;101;320.7;NITEROI;Nao guardar distancia de seguranca;Colisao traseira;Sem Vitimas;Pleno dia
83261444;2014-10-15;Quarta;18:30:00;RJ;101;317.0;SAO GONCALO;Outras;Colisao traseira;Sem Vitimas;Plena noite
83261478;2014-10-15;Quarta;19:20:00;RJ;101;321.0;NITEROI;Outras;Queda de motocicleta / bicicleta / veiculo;Com Vitimas Feridas;Plena noite
83261495;2014-10-11;Sabado;08:30:00;RJ;101;300.0;SAO GONCALO;Outras;Queda de motocicleta / bicicleta / veiculo;Com Vitimas Feridas;Pleno dia
83261714;2014-10-08;Quarta;14:00:00;RJ;101;330.0;RIO DE JANEIRO;Outras;Colisao lateral;Com Vitimas Feridas;Pleno dia
83261817;2014-10-13;Segunda;18:45:00;RJ;101;326.0;NITEROI;Outras;Colisao lateral;Sem Vitimas;Plena noite
83261887;2014-10-16;Quinta;16:30:00;RJ;101;326.0;NITEROI;Outras;Colisao traseira;Sem Vitimas;Pleno dia